Year,Specie,Location,Total Seq,VAL,ILE
2015,Avian,Africa,145,145,0
2015,Avian,Europe,156,156,0
2015,Avian,Northamerica,160,159,1
2016,Avian,Africa,190,189,1
2016,Avian,Europe,192,190,1
2016,Avian,Northamerica,197,195,1
2017,Avian,Africa,200,198,1
2017,Avian,Europe,201,199,1
2017,Avian,Northamerica,203,201,1
2017,Avian,Oceania,204,202,1
2018,Avian,Africa,205,203,1
2018,Avian,Asia,270,268,1
2019,Avian,Africa,272,268,2
2019,Avian,Asia,328,322,4
2019,Avian,Europe,330,324,4
2020,Avian,Africa,333,327,4
2020,Avian,Asia,365,359,4
2020,Avian,Europe,381,374,4
2021,Avian,Africa,527,500,4
2021,Avian,Asia,672,638,9
2021,Avian,Europe,1587,1541,10
2021,Avian,Northamerica,1596,1549,10
2022,Avian,Africa,1698,1634,10
2022,Avian,Asia,2112,2037,20
2022,Avian,Europe,3409,3281,29
2022,Avian,Northamerica,5984,5844,30
2022,Avian,Southamerica,6065,5921,31
2023,Avian,Africa,6085,5941,31
2023,Avian,Antarctica,6088,5944,31
2023,Avian,Asia,6314,6166,35
2023,Avian,Northamerica,6876,6724,38
2024,Avian,Africa,6877,6724,38
2024,Avian,Asia,6909,6756,38
2024,Avian,Europe,7194,7039,38
2024,Avian,Northamerica,7274,7097,60
2015,Environmental,Asia,7308,7130,60
2016,Environmental,Asia,7312,7134,60
2017,Environmental,Asia,7314,7136,60
2021,Environmental,Africa,7315,7137,60
2021,Environmental,Asia,7318,7140,60
2021,Environmental,Europe,7319,7141,60
2022,Environmental,Africa,7320,7142,60
2022,Environmental,Asia,7364,7179,67
2023,Environmental,Africa,7365,7180,67
2023,Environmental,Asia,7404,7219,67
2023,Environmental,Europe,7408,7223,67
2015,Human,Africa,7409,7223,67
2015,Human,Asia,7412,7223,67
2019,Human,Asia,7415,7223,67
2020,Human,Asia,7416,7223,67
2021,Human,Asia,7417,7223,67
2021,Human,Europe,7418,7223,67
2022,Human,Europe,7419,7223,67
2023,Human,Asia,7426,7223,67
2023,Human,Europe,7428,7223,67
2023,Human,Southamerica,7429,7223,67
2024,Human,Asia,7431,7223,67
2024,Human,Northamerica,7432,7223,67
2015,Mammal,Asia,7436,7227,67
2016,Mammal,Asia,7438,7229,67
2017,Mammal,Asia,7439,7229,67
2018,Mammal,Asia,7440,7230,67
2021,Mammal,Europe,7452,7242,67
2022,Mammal,Asia,7454,7244,67
2022,Mammal,Europe,7512,7300,67
2022,Mammal,Northamerica,7656,7443,67
2022,Mammal,Southamerica,7658,7445,67
2023,Mammal,Africa,7660,7447,67
2023,Mammal,Asia,7664,7451,67
2023,Mammal,Europe,7830,7615,67
2023,Mammal,Northamerica,7855,7639,68
2023,Mammal,Southamerica,7892,7676,68
2024,Mammal,Asia,7893,7677,68
2024,Mammal,Europe,7894,7678,68
2024,Mammal,Northamerica,8112,7704,259
